11FB2,addi
11FB4,sd
11FB6,sd
11FB8,addi
11FBA,mv
11FBC,sd
11FC0,sw
11FC4,auipc
11FC8,jalr
11FE8,addi
11FEA,sd
11FEC,sd
11FEE,addi
11FF0,mv
11FF2,sd
11FF6,j
11FFA,ld
11FFE,addi
12000,bgtu
12004,j
12008,ld
1200C,slli
12010,addi
12014,add
12016,auipc
1201A,jalr
11F9E,addi
11FA0,sd
11FA2,sd
11FA4,addi
11FA6,sd
11FAA,ld
11FAC,ld
11FAE,addi
11FB0,ret
1201E,j
12022,ld
12026,addi
12028,sd
1202C,j
11FFA,ld
11FFE,addi
12000,bgtu
12004,j
12008,ld
1200C,slli
12010,addi
12014,add
12016,auipc
1201A,jalr
11F9E,addi
11FA0,sd
11FA2,sd
11FA4,addi
11FA6,sd
11FAA,ld
11FAC,ld
11FAE,addi
11FB0,ret
1201E,j
12022,ld
12026,addi
12028,sd
1202C,j
11FFA,ld
11FFE,addi
12000,bgtu
12004,j
12008,ld
1200C,slli
12010,addi
12014,add
12016,auipc
1201A,jalr
11F9E,addi
11FA0,sd
11FA2,sd
11FA4,addi
11FA6,sd
11FAA,ld
11FAC,ld
11FAE,addi
11FB0,ret
1201E,j
12022,ld
12026,addi
12028,sd
1202C,j
11FFA,ld
11FFE,addi
12000,bgtu
12004,j
12008,ld
1200C,slli
12010,addi
12014,add
12016,auipc
1201A,jalr
11F9E,addi
11FA0,sd
11FA2,sd
11FA4,addi
11FA6,sd
11FAA,ld
11FAC,ld
11FAE,addi
11FB0,ret
1201E,j
12022,ld
12026,addi
12028,sd
1202C,j
11FFA,ld
11FFE,addi
12000,bgtu
12004,j
12008,ld
1200C,slli
12010,addi
12014,add
12016,auipc
1201A,jalr
11F9E,addi
11FA0,sd
11FA2,sd
11FA4,addi
11FA6,sd
11FAA,ld
11FAC,ld
11FAE,addi
11FB0,ret
1201E,j
12022,ld
12026,addi
12028,sd
1202C,j
11FFA,ld
11FFE,addi
12000,bgtu
12004,j
12008,ld
1200C,slli
12010,addi
12014,add
12016,auipc
1201A,jalr
11F9E,addi
11FA0,sd
11FA2,sd
11FA4,addi
11FA6,sd
11FAA,ld
11FAC,ld
11FAE,addi
11FB0,ret
1201E,j
12022,ld
12026,addi
12028,sd
1202C,j
11FFA,ld
11FFE,addi
12000,bgtu
12004,j
12008,ld
1200C,slli
12010,addi
12014,add
12016,auipc
1201A,jalr
11F9E,addi
11FA0,sd
11FA2,sd
11FA4,addi
11FA6,sd
11FAA,ld
11FAC,ld
11FAE,addi
11FB0,ret
1201E,j
12022,ld
12026,addi
12028,sd
1202C,j
11FFA,ld
11FFE,addi
12000,bgtu
12004,j
12008,ld
1200C,slli
12010,addi
12014,add
12016,auipc
1201A,jalr
11F9E,addi
11FA0,sd
11FA2,sd
11FA4,addi
11FA6,sd
11FAA,ld
11FAC,ld
11FAE,addi
11FB0,ret
1201E,j
12022,ld
12026,addi
12028,sd
1202C,j
11FFA,ld
11FFE,addi
12000,bgtu
12004,j
12008,ld
1200C,slli
12010,addi
12014,add
12016,auipc
1201A,jalr
11F9E,addi
11FA0,sd
11FA2,sd
11FA4,addi
11FA6,sd
11FAA,ld
11FAC,ld
11FAE,addi
11FB0,ret
1201E,j
12022,ld
12026,addi
12028,sd
1202C,j
11FFA,ld
11FFE,addi
12000,bgtu
12004,j
12008,ld
1200C,slli
12010,addi
12014,add
12016,auipc
1201A,jalr
11F9E,addi
11FA0,sd
11FA2,sd
11FA4,addi
11FA6,sd
11FAA,ld
11FAC,ld
11FAE,addi
11FB0,ret
1201E,j
12022,ld
12026,addi
12028,sd
1202C,j
11FFA,ld
11FFE,addi
12000,bgtu
12004,j
12008,ld
1200C,slli
12010,addi
12014,add
12016,auipc
1201A,jalr
11F9E,addi
11FA0,sd
11FA2,sd
11FA4,addi
11FA6,sd
11FAA,ld
11FAC,ld
11FAE,addi
11FB0,ret
1201E,j
12022,ld
12026,addi
12028,sd
1202C,j
11FFA,ld
11FFE,addi
12000,bgtu
12004,j
12008,ld
1200C,slli
12010,addi
12014,add
12016,auipc
1201A,jalr
11F9E,addi
11FA0,sd
11FA2,sd
11FA4,addi
11FA6,sd
11FAA,ld
11FAC,ld
11FAE,addi
11FB0,ret
1201E,j
12022,ld
12026,addi
12028,sd
1202C,j
11FFA,ld
11FFE,addi
12000,bgtu
12030,lui
12034,addi
12038,sd
1203C,ld
1203E,ld
12040,addi
12042,ret
11FCC,auipc
11FD0,jalr
12044,addi
12046,sd
12048,sd
1204A,addi
1204C,lui
12050,addi
12054,auipc
12058,jalr
1205C,lui
12060,addi
12064,addi
12066,auipc
1206A,jalr
1206E,lui
12072,addi
12076,auipc
1207A,jalr
1207E,lui
12082,addi
12086,auipc
1208A,jalr
1208E,lui
12092,addi
12096,auipc
1209A,jalr
1209E,addi
120A2,sd
120A6,j
120AA,lui
120AE,lw
120B2,mv
120B4,bne
120B8,j
120BC,lui
120C0,ld
120C4,lw
120C6,addiw
120CA,addi
120CC,sw
120CE,mv
120D0,ble
120D4,j
120D8,lui
120DC,ld
120E0,auipc
120E4,jalr
120E8,sd
120EC,j
1210C,ld
12110,sd
12114,j
12130,ld
12134,sw
12138,lw
1213C,addi
1213E,beq
12142,j
12146,lw
1214A,addi
1214C,bne
12158,lw
1215C,lui
1215E,auipc
12162,jalr
1236E,addi
12370,sd
12372,sd
12374,addi
12376,sw
1237A,sd
1237E,lw
12382,ld
12386,auipc
1238A,jalr
1239A,addi
1239C,sd
1239E,sd
123A0,addi
123A2,sw
123A6,sd
123AA,lw
123AE,mv
123B0,bgt
123B4,j
123B8,lw
123BC,lui
123C0,lw
123C4,bgt
123D6,auipc
123DA,jalr
123DE,lw
123E2,slli
123E4,add
123E6,ld
123E8,ld
123EC,and
123EE,sd
123F2,j
123F6,ld
123FA,sext.w
123FC,ld
123FE,ld
12400,addi
12402,ret
1238E,snez
12392,ld
12394,ld
12396,addi
12398,ret
12166,mv
12168,beq
12174,lw
12178,addi
1217C,bne
12192,lw
12196,addi
1219A,bne
121B0,lw
121B4,lui
121B6,auipc
121BA,jalr
1236E,addi
12370,sd
12372,sd
12374,addi
12376,sw
1237A,sd
1237E,lw
12382,ld
12386,auipc
1238A,jalr
1239A,addi
1239C,sd
1239E,sd
123A0,addi
123A2,sw
123A6,sd
123AA,lw
123AE,mv
123B0,bgt
123B4,j
123B8,lw
123BC,lui
123C0,lw
123C4,bgt
123D6,auipc
123DA,jalr
123DE,lw
123E2,slli
123E4,add
123E6,ld
123E8,ld
123EC,and
123EE,sd
123F2,j
123F6,ld
123FA,sext.w
123FC,ld
123FE,ld
12400,addi
12402,ret
1238E,snez
12392,ld
12394,ld
12396,addi
12398,ret
121BE,mv
121C0,beq
121C4,j
121C8,lw
121CC,addi
121D0,auipc
121D4,jalr
1239A,addi
1239C,sd
1239E,sd
123A0,addi
123A2,sw
123A6,sd
123AA,lw
123AE,mv
123B0,bgt
123B4,j
123B8,lw
123BC,lui
123C0,lw
123C4,bgt
123D6,auipc
123DA,jalr
123DE,lw
123E2,slli
123E4,add
123E6,ld
123E8,ld
123EC,and
123EE,sd
123F2,j
123F6,ld
123FA,sext.w
123FC,ld
123FE,ld
12400,addi
12402,ret
121D8,slli
121DA,sw
121DE,lui
121E2,lw
121E6,mv
121E8,bne
121EC,j
121F0,lui
121F4,ld
121F8,lw
121FA,addiw
121FE,addi
12200,sw
12202,mv
12204,ble
12224,lui
12228,ld
1222C,ld
1222E,addi
12232,sd
12234,lbu
12238,sd
1223C,j
12240,ld
12244,sd
12248,j
12264,ld
12268,sw
1226C,lw
12270,addi
12272,bne
1228C,lw
12290,lui
12292,auipc
12296,jalr
1236E,addi
12370,sd
12372,sd
12374,addi
12376,sw
1237A,sd
1237E,lw
12382,ld
12386,auipc
1238A,jalr
1239A,addi
1239C,sd
1239E,sd
123A0,addi
123A2,sw
123A6,sd
123AA,lw
123AE,mv
123B0,bgt
123B4,j
123B8,lw
123BC,lui
123C0,lw
123C4,bgt
123D6,auipc
123DA,jalr
123DE,lw
123E2,slli
123E4,add
123E6,ld
123E8,ld
123EC,and
123EE,sd
123F2,j
123F6,ld
123FA,sext.w
123FC,ld
123FE,ld
12400,addi
12402,ret
1238E,snez
12392,ld
12394,ld
12396,addi
12398,ret
1229A,mv
1229C,bne
122B6,lw
122BA,addi
122BE,auipc
122C2,jalr
1239A,addi
1239C,sd
1239E,sd
123A0,addi
123A2,sw
123A6,sd
123AA,lw
123AE,mv
123B0,bgt
123B4,j
123B8,lw
123BC,lui
123C0,lw
123C4,bgt
123D6,auipc
123DA,jalr
123DE,lw
123E2,slli
123E4,add
123E6,ld
123E8,ld
123EC,and
123EE,sd
123F2,j
123F6,ld
123FA,sext.w
123FC,ld
123FE,ld
12400,addi
12402,ret
122C6,mv
122C8,lw
122CC,or
122CE,sw
122D2,lb
122D6,ld
122DA,addi
122DE,sd
122E2,sb
122E6,j
120AA,lui
120AE,lw
120B2,mv
120B4,bne
120B8,j
120BC,lui
120C0,ld
120C4,lw
120C6,addiw
120CA,addi
120CC,sw
120CE,mv
120D0,ble
120F0,lui
120F4,ld
120F8,ld
120FA,addi
120FE,sd
12100,lbu
12104,sd
12108,j
1210C,ld
12110,sd
12114,j
12130,ld
12134,sw
12138,lw
1213C,addi
1213E,beq
12142,j
12146,lw
1214A,addi
1214C,bne
12158,lw
1215C,lui
1215E,auipc
12162,jalr
1236E,addi
12370,sd
12372,sd
12374,addi
12376,sw
1237A,sd
1237E,lw
12382,ld
12386,auipc
1238A,jalr
1239A,addi
1239C,sd
1239E,sd
123A0,addi
123A2,sw
123A6,sd
123AA,lw
123AE,mv
123B0,bgt
123B4,j
123B8,lw
123BC,lui
123C0,lw
123C4,bgt
123D6,auipc
123DA,jalr
123DE,lw
123E2,slli
123E4,add
123E6,ld
123E8,ld
123EC,and
123EE,sd
123F2,j
123F6,ld
123FA,sext.w
123FC,ld
123FE,ld
12400,addi
12402,ret
1238E,snez
12392,ld
12394,ld
12396,addi
12398,ret
12166,mv
12168,beq
12174,lw
12178,addi
1217C,bne
12180,j
12184,ld
12188,addi
1218A,sd
1218E,j
120AA,lui
120AE,lw
120B2,mv
120B4,bne
120B8,j
120BC,lui
120C0,ld
120C4,lw
120C6,addiw
120CA,addi
120CC,sw
120CE,mv
120D0,ble
120F0,lui
120F4,ld
120F8,ld
120FA,addi
120FE,sd
12100,lbu
12104,sd
12108,j
1210C,ld
12110,sd
12114,j
12130,ld
12134,sw
12138,lw
1213C,addi
1213E,beq
12142,j
12146,lw
1214A,addi
1214C,bne
12158,lw
1215C,lui
1215E,auipc
12162,jalr
1236E,addi
12370,sd
12372,sd
12374,addi
12376,sw
1237A,sd
1237E,lw
12382,ld
12386,auipc
1238A,jalr
1239A,addi
1239C,sd
1239E,sd
123A0,addi
123A2,sw
123A6,sd
123AA,lw
123AE,mv
123B0,bgt
123B4,j
123B8,lw
123BC,lui
123C0,lw
123C4,bgt
123D6,auipc
123DA,jalr
123DE,lw
123E2,slli
123E4,add
123E6,ld
123E8,ld
123EC,and
123EE,sd
123F2,j
123F6,ld
123FA,sext.w
123FC,ld
123FE,ld
12400,addi
12402,ret
1238E,snez
12392,ld
12394,ld
12396,addi
12398,ret
12166,mv
12168,beq
12174,lw
12178,addi
1217C,bne
12180,j
12184,ld
12188,addi
1218A,sd
1218E,j
120AA,lui
120AE,lw
120B2,mv
120B4,bne
120B8,j
120BC,lui
120C0,ld
120C4,lw
120C6,addiw
120CA,addi
120CC,sw
120CE,mv
120D0,ble
120F0,lui
120F4,ld
120F8,ld
120FA,addi
120FE,sd
12100,lbu
12104,sd
12108,j
1210C,ld
12110,sd
12114,j
12130,ld
12134,sw
12138,lw
1213C,addi
1213E,beq
12154,j
122FC,ld
122FE,ld
12300,addi
12302,ret
11FD4,auipc
11FD8,jalr
12304,addi
12306,sd
12308,sd
1230A,addi
1230C,mv
1230E,sd
12312,j
12316,ld
1231A,addi
1231C,bgtu
12320,j
12324,ld
12328,slli
1232C,addi
12330,add
12332,auipc
12336,jalr
11F9E,addi
11FA0,sd
11FA2,sd
11FA4,addi
11FA6,sd
11FAA,ld
11FAC,ld
11FAE,addi
11FB0,ret
1233A,j
1233E,ld
12342,addi
12344,sd
12348,j
12316,ld
1231A,addi
1231C,bgtu
12320,j
12324,ld
12328,slli
1232C,addi
12330,add
12332,auipc
12336,jalr
11F9E,addi
11FA0,sd
11FA2,sd
11FA4,addi
11FA6,sd
11FAA,ld
11FAC,ld
11FAE,addi
11FB0,ret
1233A,j
1233E,ld
12342,addi
12344,sd
12348,j
12316,ld
1231A,addi
1231C,bgtu
12320,j
12324,ld
12328,slli
1232C,addi
12330,add
12332,auipc
12336,jalr
11F9E,addi
11FA0,sd
11FA2,sd
11FA4,addi
11FA6,sd
11FAA,ld
11FAC,ld
11FAE,addi
11FB0,ret
1233A,j
1233E,ld
12342,addi
12344,sd
12348,j
12316,ld
1231A,addi
1231C,bgtu
12320,j
12324,ld
12328,slli
1232C,addi
12330,add
12332,auipc
12336,jalr
11F9E,addi
11FA0,sd
11FA2,sd
11FA4,addi
11FA6,sd
11FAA,ld
11FAC,ld
11FAE,addi
11FB0,ret
1233A,j
1233E,ld
12342,addi
12344,sd
12348,j
12316,ld
1231A,addi
1231C,bgtu
12320,j
12324,ld
12328,slli
1232C,addi
12330,add
12332,auipc
12336,jalr
11F9E,addi
11FA0,sd
11FA2,sd
11FA4,addi
11FA6,sd
11FAA,ld
11FAC,ld
11FAE,addi
11FB0,ret
1233A,j
1233E,ld
12342,addi
12344,sd
12348,j
12316,ld
1231A,addi
1231C,bgtu
12320,j
12324,ld
12328,slli
1232C,addi
12330,add
12332,auipc
12336,jalr
11F9E,addi
11FA0,sd
11FA2,sd
11FA4,addi
11FA6,sd
11FAA,ld
11FAC,ld
11FAE,addi
11FB0,ret
1233A,j
1233E,ld
12342,addi
12344,sd
12348,j
12316,ld
1231A,addi
1231C,bgtu
12320,j
12324,ld
12328,slli
1232C,addi
12330,add
12332,auipc
12336,jalr
11F9E,addi
11FA0,sd
11FA2,sd
11FA4,addi
11FA6,sd
11FAA,ld
11FAC,ld
11FAE,addi
11FB0,ret
1233A,j
1233E,ld
12342,addi
12344,sd
12348,j
12316,ld
1231A,addi
1231C,bgtu
12320,j
12324,ld
12328,slli
1232C,addi
12330,add
12332,auipc
12336,jalr
11F9E,addi
11FA0,sd
11FA2,sd
11FA4,addi
11FA6,sd
11FAA,ld
11FAC,ld
11FAE,addi
11FB0,ret
1233A,j
1233E,ld
12342,addi
12344,sd
12348,j
12316,ld
1231A,addi
1231C,bgtu
12320,j
12324,ld
12328,slli
1232C,addi
12330,add
12332,auipc
12336,jalr
11F9E,addi
11FA0,sd
11FA2,sd
11FA4,addi
11FA6,sd
11FAA,ld
11FAC,ld
11FAE,addi
11FB0,ret
1233A,j
1233E,ld
12342,addi
12344,sd
12348,j
12316,ld
1231A,addi
1231C,bgtu
12320,j
12324,ld
12328,slli
1232C,addi
12330,add
12332,auipc
12336,jalr
11F9E,addi
11FA0,sd
11FA2,sd
11FA4,addi
11FA6,sd
11FAA,ld
11FAC,ld
11FAE,addi
11FB0,ret
1233A,j
1233E,ld
12342,addi
12344,sd
12348,j
12316,ld
1231A,addi
1231C,bgtu
12320,j
12324,ld
12328,slli
1232C,addi
12330,add
12332,auipc
12336,jalr
11F9E,addi
11FA0,sd
11FA2,sd
11FA4,addi
11FA6,sd
11FAA,ld
11FAC,ld
11FAE,addi
11FB0,ret
1233A,j
1233E,ld
12342,addi
12344,sd
12348,j
12316,ld
1231A,addi
1231C,bgtu
12320,j
12324,ld
12328,slli
1232C,addi
12330,add
12332,auipc
12336,jalr
11F9E,addi
11FA0,sd
11FA2,sd
11FA4,addi
11FA6,sd
11FAA,ld
11FAC,ld
11FAE,addi
11FB0,ret
1233A,j
1233E,ld
12342,addi
12344,sd
12348,j
12316,ld
1231A,addi
1231C,bgtu
1234C,ld
12350,lui
12354,addi
12358,auipc
1235C,jalr
12360,ld
12364,jalr
11F74,addi
11F76,sd
11F78,sd
11F7A,addi
11F7C,lui
11F80,ld
11F84,lui
11F88,addi
11F8C,auipc
11F90,jalr
11F94,addi
11F96,auipc
11F9A,jalr
11EE4,addi
11EE6,sd
11EE8,sd
11EEA,sd
11EEC,sd
11EEE,addi
11EF0,lui
11EF4,addi
11EF8,addi
11EFA,ld
11EFC,addi
11F00,bgtu
11F0A,ld
11F0C,ld
11F0E,ld
11F10,ld
11F12,addi
11F14,ret